{
  "scale_": [
    0.00013736263736263736,
    0.0032250782081465475,
    0.00010171594804349375,
    1.9607843137254901,
    0.01,
    0.1,
    0.043478260869565216,
    0.16666666666666666,
    0.09090909090909091,
    1.0,
    1.0,
    1.0
  ],
  "min_": [
    0.0,
    0.0,
    0.0,
    0.0,
    0.0,
    0.0,
    0.0,
    0.0,
    -0.09090909090909091,
    0.0,
    0.0,
    0.0
  ],
  "data_min_": [
    0.0,
    0.0,
    0.0,
    0.0,
    0.0,
    0.0,
    0.0,
    0.0,
    1.0,
    0.0,
    0.0,
    0.0
  ],
  "data_max_": [
    7280.0,
    310.07,
    9831.3,
    0.51,
    100.0,
    10.0,
    23.0,
    6.0,
    12.0,
    1.0,
    1.0,
    1.0
  ],
  "data_range_": [
    7280.0,
    310.07,
    9831.3,
    0.51,
    100.0,
    10.0,
    23.0,
    6.0,
    11.0,
    1.0,
    1.0,
    1.0
  ]
}